company,position,location,url
JobsInMass.com,Data Entry Assistant,"Beverly, ",https://remoteOK.com/remote-jobs/remote-data-entry-assistant-jobsinmass-com-1135073
JobsInMass.com,Entry Level Data Entry Clerk Admin,"Beverly, ",https://remoteOK.com/remote-jobs/remote-entry-level-data-entry-clerk-admin-jobsinmass-com-1135071
JobsInMass.com,Virtual Data Entry Clerk,"Beverly, ",https://remoteOK.com/remote-jobs/remote-virtual-data-entry-clerk-jobsinmass-com-1135074
JobsInMass.com,Entry Level Data Entry Clerk,"Beverly, ",https://remoteOK.com/remote-jobs/remote-entry-level-data-entry-clerk-jobsinmass-com-1135072
JobsInMass.com,Data Entry Typist,"Beverly, ",https://remoteOK.com/remote-jobs/remote-data-entry-typist-jobsinmass-com-1135070
Majer Unternehmens-Gruppe,Details,"Jarretville, ",https://remoteOK.com/remote-jobs/remote-details-majer-unternehmens-gruppe-1135040
BuscarVagas - Empregos Brasil,Operador de Portaria Remota Recife PE Profissionais Solicitados,"Recife, Recife, Pernambuco, Brasil",https://remoteOK.com/remote-jobs/remote-operador-de-portaria-remota-recife-pe-profissionais-solicitados-buscarvagas-empregos-brasil-1135037
Dobinsons Spring &amp; Suspension - Middle East &amp; Africa,Adelaide,"Adelaide, ",https://remoteOK.com/remote-jobs/remote-adelaide-dobinsons-spring-amp-suspension-middle-east-amp-africa-1134958
Mississippi Army National Guard Biloxi Office,AIR DEFENSE,"KarÄchi, ",https://remoteOK.com/remote-jobs/remote-air-defense-mississippi-army-national-guard-biloxi-office-1135049
YO IT Consulting,Python Developer,,https://remoteOK.com/remote-jobs/remote-python-developer-yo-it-consulting-1134923
